{
  "mean": {
    "red": 246.36666666666667,
    "green": 184.1,
    "blue": 97.86666666666666,
    "hue": 17.6,
    "saturation": 153.53333333333333,
    "value": 246.36666666666667
  },
  "std_dev": {
    "red": 13.481745853722648,
    "green": 23.35387437398476,
    "blue": 27.95900118256081,
    "hue": 3.069314199486982,
    "saturation": 29.1520784535326,
    "value": 13.481745853722648
  }
}